name,hazType,subjSpeed1,subjSpeed2,subjSpeed3, xdist1, xdist2, xdist3, ydist1, ydist2, ydist3, slDist1, slDist2, slDist3, angle1, angle2, angle3,turn,signal,stopped,action,RT
S1,0,-0.0014,-0.0014,-0.0175,-0.1948,-0.2032,-0.2086,0.004,0.004,0.0047,-0.1944,-0.2026,-0.2078,0.0052,0.0067,0.0095,1,1,1,1,2.36
S1,2,-0.0004,-0.001,-0.0014,-0.1761,-0.1881,-0.1867,-0.0738,-0.0834,-0.0844,-0.1848,-0.1979,-0.1957,-0.0271,-0.04,-0.0577,0,0,1,1,3.73
S1,3,0.0002,-0.001,-0.0459,-0.1851,-0.1958,-0.1836,0.0504,0.0523,0.0522,-0.1606,-0.1692,-0.1562,0.0739,0.0981,0.1281,0,0,0,1,1.71
S10,3,-0.0002,-0.0001,-0.0215,-0.1525,-0.1626,-0.1609,-0.0112,-0.0111,-0.0118,-0.1472,-0.1565,-0.1548,0.0344,0.0471,0.063,0,0,0,1,2.15
S10,1,-0.001,-0.0013,-0.0013,-0.2425,-0.2414,-0.2404,-0.0754,-0.0758,-0.0766,-0.244,-0.2431,-0.2423,-0.021,-0.0234,-0.0265,1,1,0,3,4.15
S10,0,-0.0011,-0.0011,-0.0011,-0.1541,-0.1628,-0.1715,-0.0003,0.0012,0.0018,-0.1538,-0.1624,-0.1709,0.0038,0.006,0.009,1,1,1,4, NaN
S100,0,-0.0013,-0.0013,-0.0013,-0.1883,-0.1968,-0.2053,-0.0007,-0.0004,0.0002,-0.1881,-0.1965,-0.2048,0.0032,0.0046,0.007,1,1,1,1,4.19
S100,3,0,-0.0001,-0.0013,-0.1692,-0.1791,-0.1796,-0.0141,-0.015,-0.0151,-0.1651,-0.1746,-0.1748,0.0302,0.0405,0.0565,0,0,0,1,2.53
S100,1,-0.0003,0,0,-0.2243,-0.2243,-0.2243,-0.0752,-0.075,-0.0752,-0.2261,-0.2262,-0.2265,-0.0226,-0.0249,-0.028,1,1,0,3,6.74
S101,1,-0.0008,-0.0008,-0.0008,-0.2537,-0.253,-0.2523,0.048,0.0487,0.0499,-0.2514,-0.2503,-0.2492,0.0166,0.0191,0.0225,1,1,0,1,5.6
S101,2,0.0003,-0.0001,-0.0159,-0.1884,-0.2005,-0.1976,-0.0731,-0.0802,-0.0784,-0.1967,-0.2096,-0.2059,-0.0247,-0.0348,-0.0477,0,0,1,1,2.91
S101,0,-0.0001,-0.0006,-0.0007,-0.1996,-0.209,-0.2181,-0.0114,-0.0109,-0.0101,-0.1999,-0.2093,-0.2184,-0.0011,-0.0005,0.0008,1,1,1,3,6.4
S102,2,0.0006,0.0003,0.0002,-0.1975,-0.2102,-0.2103,-0.0816,-0.0923,-0.0954,-0.2064,-0.2201,-0.2197,-0.0285,-0.0422,-0.0624,0,0,1,1,5.05
S102,3,0.0001,0.0001,-0.0155,-0.1893,-0.1998,-0.1997,0.0586,0.0585,0.056,-0.1624,-0.1713,-0.17,0.0792,0.1033,0.1402,0,0,0,1,2.24
S102,0,-0.0001,-0.0001,-0.0001,-0.1982,-0.208,-0.2177,0.0056,0.006,0.0066,-0.1977,-0.2073,-0.2168,0.0054,0.0073,0.0104,1,1,1,2,6.04
S103,1,-0.0013,-0.001,-0.0005,-0.2432,-0.2422,-0.2416,0.048,0.0481,0.049,-0.2408,-0.2395,-0.2384,0.0172,0.0195,0.0229,1,1,0,1,6.68
S103,2,0,-0.0005,-0.0219,-0.1706,-0.1824,-0.1775,-0.0727,-0.0796,-0.0787,-0.1796,-0.1921,-0.1865,-0.0268,-0.0376,-0.0525,0,0,1,1,2.81
S103,0,-0.0011,-0.0002,0.0031,-0.1837,-0.1931,-0.2039,-0.0106,-0.0106,-0.0103,-0.184,-0.1934,-0.2042,-0.0008,-0.0002,0.0011,1,1,1,2,6.85
S104,1,-0.0012,-0.0011,-0.0009,-0.2151,-0.2141,-0.2133,0.0047,0.0039,0.0032,-0.2147,-0.2137,-0.2128,0.0047,0.0053,0.0062,1,1,0,1,6.95
S104,3,-0.0003,-0.0003,-0.0009,-0.1505,-0.1608,-0.162,0.0414,0.0407,0.0389,-0.1251,-0.134,-0.1341,0.0768,0.0995,0.1342,0,0,0,1,2.97
S104,2,-0.0001,-0.0005,-0.0013,-0.1681,-0.167,-0.1659,-0.1161,-0.1161,-0.0941,-0.1823,-0.1796,-0.1756,-0.0591,-0.0772,-0.0814,0,0,1,3,2.93
S105,1,0.0024,0.0001,-0.0001,-0.2254,-0.2266,-0.2264,-0.0764,-0.0769,-0.0773,-0.2272,-0.2285,-0.2285,-0.0226,-0.0253,-0.0285,1,1,0,1,7.92
S105,0,-0.0012,-0.001,0.0005,-0.1745,-0.1831,-0.1924,0.0008,0.001,0.0009,-0.1742,-0.1828,-0.1918,0.0039,0.0055,0.0079,1,1,1,2,6.96
S105,3,0.0001,0.0002,0.0001,-0.1736,-0.1839,-0.1852,0.0039,0.004,0.0025,-0.1639,-0.1734,-0.1746,0.0427,0.0572,0.0777,0,0,0,3,3.14
S107,1,-0.0011,-0.0007,-0.0005,-0.22,-0.2192,-0.2187,0.049,0.0491,0.0499,-0.2173,-0.2161,-0.2151,0.0193,0.022,0.0258,1,1,0,1,6
S107,2,0.0001,0.0017,-0.007,-0.1473,-0.161,-0.161,-0.0724,-0.0809,-0.0805,-0.1575,-0.1723,-0.1715,-0.0304,-0.0435,-0.0609,0,0,1,1,2.99
S107,0,-0.0002,-0.0002,-0.0002,-0.1639,-0.1735,-0.1831,-0.011,-0.0102,-0.0099,-0.1642,-0.1738,-0.1834,-0.0011,-0.0002,0.0013,1,1,1,4, NaN
S108,0,-0.0007,-0.0006,-0.0005,-0.1982,-0.2074,-0.2167,0.0041,0.0043,0.0051,-0.1978,-0.2069,-0.2159,0.005,0.0065,0.0094,1,1,1,1,6.88
S108,2,0.0008,0.0004,-0.0019,-0.1859,-0.1991,-0.1982,-0.0856,-0.0937,-0.092,-0.1958,-0.2098,-0.2079,-0.0323,-0.0452,-0.0622,0,0,1,1,3.09
S108,3,-0.0001,-0.0001,-0.001,-0.1888,-0.1994,-0.2006,0.05,0.052,0.0521,-0.1644,-0.1727,-0.1716,0.0737,0.0983,0.1371,0,0,0,3,2.46
S109,1,-0.0002,-0.0002,-0.0002,-0.2445,-0.2443,-0.2442,0.0025,0.001,0.0023,-0.2442,-0.2441,-0.2438,0.0034,0.0035,0.0048,1,1,0,1,6.98
S109,2,-0.0005,-0.0011,-0.0589,-0.1992,-0.1976,-0.1702,-0.1202,-0.1184,-0.096,-0.2117,-0.2086,-0.1785,-0.0523,-0.0671,-0.0716,0,0,1,1,2.15
S109,3,0.0002,0.0001,0.0002,-0.1742,-0.1848,-0.1863,0.0343,0.0341,0.0336,-0.1537,-0.163,-0.1629,0.0649,0.085,0.1171,0,0,0,3,3.83
S11,2,-0.0006,-0.0011,-0.0536,-0.1693,-0.1671,-0.1445,-0.1119,-0.1127,-0.0974,-0.1829,-0.1794,-0.154,-0.0561,-0.074,-0.0863,0,0,1,1,2.29
S11,1,-0.0007,-0.0004,-0.0002,-0.2228,-0.2222,-0.2222,0.0046,0.0037,0.0036,-0.2225,-0.2218,-0.2218,0.0043,0.0048,0.0058,1,1,0,2,7.07
S11,3,0.0001,0.0002,0.0001,-0.1575,-0.1682,-0.1703,0.0342,0.034,0.0319,-0.1355,-0.1448,-0.1459,0.0689,0.0901,0.1217,0,0,0,3,3.73
S110,1,-0.001,-0.0007,-0.0002,-0.2304,-0.2296,-0.2294,-0.0754,-0.0759,-0.0771,-0.2319,-0.2313,-0.2313,-0.0219,-0.0245,-0.0279,1,1,0,1,5.42
S110,3,0.0001,-0.0004,-0.0013,-0.1688,-0.179,-0.1795,-0.0174,-0.0181,-0.0193,-0.1656,-0.1753,-0.1757,0.0285,0.0389,0.0536,0,0,0,1,2.53
S110,0,-0.0013,-0.0008,-0.0004,-0.1781,-0.187,-0.1962,-0.0003,-0.0001,0.0005,-0.1779,-0.1867,-0.1958,0.0033,0.0046,0.007,1,1,1,3,6.57
S111,2,-0.0001,-0.0001,-0.001,-0.1609,-0.173,-0.1725,-0.0784,-0.0856,-0.085,-0.1713,-0.1842,-0.1828,-0.0317,-0.0441,-0.0613,0,0,1,1,3.58
S111,1,0,0,0,-0.2301,-0.2301,-0.2301,0.0489,0.0485,0.0494,-0.2274,-0.227,-0.2265,0.0184,0.0208,0.0245,1,1,0,2,6.96
S111,0,0.0001,0.0001,0.0001,-0.1842,-0.1941,-0.2042,-0.0106,-0.0103,-0.0097,-0.1845,-0.1944,-0.2044,-0.0008,-0.0001,0.0015,1,1,1,2,6.47
S12,0,-0.0003,-0.0005,-0.0007,-0.1771,-0.1865,-0.1957,-0.0108,-0.0108,-0.0107,-0.1774,-0.1868,-0.1959,-0.0011,-0.0005,0.0006,1,1,1,1,6.24
S12,1,-0.0007,-0.0007,-0.0007,-0.2333,-0.2327,-0.2321,0.0484,0.0484,0.0492,-0.2307,-0.2298,-0.2287,0.0181,0.0207,0.0242,1,1,0,1,5.75
S12,2,0.0017,-0.0006,-0.0215,-0.1449,-0.1581,-0.1539,-0.0703,-0.0803,-0.081,-0.155,-0.1696,-0.1647,-0.0296,-0.0437,-0.0631,0,0,1,1,2.85
S13,0,-0.0003,-0.0004,-0.0004,-0.1841,-0.1935,-0.2029,0.0044,0.0048,0.0053,-0.1836,-0.1929,-0.2021,0.0052,0.0069,0.0098,1,1,1,1,5.75
S13,2,0.0006,-0.0014,-0.0443,-0.1742,-0.1863,-0.1696,-0.0773,-0.0889,-0.0899,-0.1835,-0.1969,-0.1795,-0.0295,-0.0445,-0.0646,0,0,1,1,2.45
S13,3,-0.0005,-0.0012,-0.0641,-0.1667,-0.177,-0.1547,0.0469,0.0437,0.0392,-0.1411,-0.1509,-0.1307,0.0773,0.0983,0.1157,0,0,0,1,1.57
S14,1,-0.0004,-0.0004,-0.0004,-0.2534,-0.2532,-0.2527,0.0055,0.0054,0.0049,-0.253,-0.2528,-0.2522,0.0041,0.0049,0.0058,1,1,0,1,4.89
S14,2,-0.0001,-0.0014,-0.06,-0.1883,-0.1863,-0.1571,-0.1075,-0.1075,-0.0971,-0.2,-0.1967,-0.1653,-0.0479,-0.0627,-0.0779,0,0,1,1,2.17
S14,3,0,0,-0.0006,-0.171,-0.1816,-0.1832,0.0355,0.0372,0.0366,-0.1497,-0.1583,-0.1582,0.0667,0.0889,0.1222,0,0,0,3,3.43
S15,1,-0.0005,-0.0002,0,-0.2235,-0.2232,-0.2231,-0.0759,-0.0754,-0.0764,-0.2249,-0.2248,-0.2249,-0.0226,-0.0249,-0.0282,1,1,0,1,8.45
S15,0,0,0,0,-0.1873,-0.1971,-0.207,0.0004,0.0006,0.0009,-0.1871,-0.1969,-0.2066,0.0033,0.0046,0.0069,1,1,1,1,7.05
S15,3,-0.0005,-0.0011,-0.0152,-0.1608,-0.1706,-0.1689,-0.0137,-0.013,-0.0126,-0.1563,-0.1652,-0.1631,0.0318,0.0441,0.0608,0,0,0,1,1.87
S17,0,0.0003,0.0003,0.0003,-0.2016,-0.2117,-0.2218,0.0044,0.0045,0.0051,-0.2011,-0.2111,-0.2209,0.0051,0.0066,0.0096,1,1,1,1,6.45
S17,2,0.0004,-0.0005,-0.043,-0.1954,-0.2081,-0.1928,-0.0758,-0.086,-0.0872,-0.2036,-0.2173,-0.2014,-0.0258,-0.0382,-0.0561,0,0,1,1,2.42
S17,3,0,-0.0007,-0.025,-0.1935,-0.2041,-0.1999,0.0453,0.0455,0.0447,-0.1712,-0.1804,-0.175,0.0683,0.0895,0.1207,0,0,0,1,2
S18,0,0.0001,0.0001,0.0001,-0.1807,-0.1906,-0.2005,0.0042,0.0042,0.0045,-0.1802,-0.1899,-0.1996,0.0055,0.0072,0.0102,1,1,1,1,6.63
S18,2,-0.0001,-0.0002,-0.0015,-0.167,-0.1793,-0.1786,-0.0846,-0.0943,-0.0956,-0.1778,-0.1911,-0.1896,-0.035,-0.0504,-0.0723,0,0,1,1,3.23
S18,3,0.0001,-0.0088,-0.0702,-0.1595,-0.1698,-0.136,0.0603,0.0608,0.0591,-0.1283,-0.1367,-0.1053,0.0891,0.1162,0.1335,0,0,0,1,1.51
S19,1,0.0001,0.0001,0.0001,-0.2477,-0.2476,-0.2478,0.0055,0.005,0.0039,-0.2473,-0.2472,-0.2473,0.0041,0.0048,0.0055,1,1,0,1,7.14
S19,2,0.0001,0.0001,-0.0303,-0.1888,-0.1876,-0.1818,-0.1147,-0.1158,-0.098,-0.2013,-0.1989,-0.1907,-0.0522,-0.069,-0.0777,0,0,1,1,2.83
S19,3,0.0003,0.0003,0.0003,-0.2007,-0.2115,-0.2135,0.0387,0.0373,0.0346,-0.181,-0.191,-0.192,0.0616,0.0796,0.1082,0,0,0,3,3.68
S2,3,-0.0002,-0.0002,-0.0002,-0.1604,-0.171,-0.1723,0.0417,0.0425,0.0416,-0.1362,-0.145,-0.1449,0.0736,0.0967,0.1315,0,0,0,1,3.39
S2,2,-0.0002,-0.0012,-0.0572,-0.1632,-0.1613,-0.1334,-0.1207,-0.122,-0.0966,-0.1784,-0.1749,-0.144,-0.0634,-0.0838,-0.0858,0,0,1,1,2.18
S2,1,-0.0012,-0.0012,-0.0007,-0.2253,-0.2242,-0.2234,0.0044,0.0034,0.003,-0.2249,-0.2238,-0.2229,0.0043,0.0047,0.0056,1,1,0,2,8.43
S20,0,-0.0012,-0.0012,-0.0012,-0.1686,-0.1772,-0.1859,0.0006,0.0003,0.0006,-0.1684,-0.1769,-0.1854,0.0038,0.005,0.0075,1,1,1,1,5.65
S20,1,-0.0001,-0.001,-0.0009,-0.2305,-0.2301,-0.2293,-0.0747,-0.0746,-0.0757,-0.2319,-0.2317,-0.2311,-0.0216,-0.0239,-0.0271,1,1,0,1,6.91
S20,3,-0.0003,0.0002,0.0014,-0.1593,-0.1696,-0.1721,-0.0173,-0.0201,-0.0224,-0.1561,-0.1667,-0.1694,0.0287,0.0371,0.0503,0,0,0,1,2.6
S21,0,-0.0115,-0.0389,-0.015,-0.16,-0.149,-0.1223,-0.0114,-0.0108,-0.0094,-0.1604,-0.1494,-0.1226,-0.0014,-0.0012,-0.001,1,1,1,1,0
S21,2,0.0005,-0.0004,-0.0013,-0.169,-0.1812,-0.18,-0.0795,-0.0895,-0.092,-0.1792,-0.1925,-0.1908,-0.0312,-0.0455,-0.0665,0,0,1,2,9.05
S21,1,-0.0013,-0.0012,-0.0008,-0.2309,-0.2299,-0.2289,0.0472,0.0466,0.0469,-0.2284,-0.2272,-0.2259,0.0174,0.0195,0.0225,1,1,0,2,7.57
S22,0,-0.0012,-0.0012,-0.0012,-0.1677,-0.1763,-0.1849,0.0045,0.005,0.0047,-0.1672,-0.1756,-0.184,0.0057,0.0076,0.0102,1,1,1,1,5.64
S22,2,-0.0001,-0.0007,-0.0143,-0.1493,-0.1616,-0.1596,-0.0682,-0.078,-0.0791,-0.1586,-0.1721,-0.1694,-0.028,-0.0419,-0.0612,0,0,1,1,2.91
S22,3,-0.0001,-0.0003,-0.0012,-0.1482,-0.1592,-0.16,0.0361,0.0367,0.0361,-0.1244,-0.1334,-0.1326,0.0748,0.0994,0.1367,0,0,0,1,2.59
S23,2,0,-0.0139,-0.0709,-0.1783,-0.175,-0.1229,-0.1133,-0.1131,-0.0971,-0.1914,-0.1867,-0.132,-0.0542,-0.0708,-0.0822,0,0,1,1,1.86
S23,3,-0.0003,-0.0003,-0.0356,-0.1704,-0.1808,-0.1748,0.0347,0.0358,0.0345,-0.1496,-0.1585,-0.152,0.0655,0.0865,0.1129,0,0,0,1,1.99
S23,1,-0.0013,-0.001,-0.0012,-0.2298,-0.2288,-0.228,0.0042,0.0029,0.0025,-0.2294,-0.2285,-0.2276,0.0041,0.0044,0.0052,1,1,0,3,2.58
S24,1,0.0019,0.002,0.0017,-0.2139,-0.2155,-0.2171,-0.0767,-0.0757,-0.0764,-0.2155,-0.2172,-0.219,-0.0237,-0.0259,-0.0292,1,1,0,2,7.91
S24,3,-0.0004,-0.0004,-0.0004,-0.1459,-0.1564,-0.1573,-0.0219,-0.0217,-0.021,-0.1443,-0.154,-0.1542,0.0262,0.0373,0.0533,0,0,0,3,3.26
S24,0,-0.0004,0.001,0.0013,-0.1533,-0.163,-0.1748,0.0006,0.0014,0.0018,-0.1531,-0.1626,-0.1742,0.0037,0.0056,0.0085,1,1,1,4, NaN
S25,1,-0.0004,-0.0004,-0.0004,-0.2335,-0.2334,-0.2329,0.0491,0.0491,0.0499,-0.2309,-0.2304,-0.2295,0.0184,0.021,0.0246,1,1,0,1,7.31
S25,0,0.0003,0.0003,0.0003,-0.1841,-0.1942,-0.2042,-0.0104,-0.0106,-0.0107,-0.1844,-0.1945,-0.2045,-0.0006,0,0.0012,1,1,1,1,6.39
S25,2,0.0002,-0.0006,-0.0218,-0.16,-0.1726,-0.1657,-0.0764,-0.085,-0.0842,-0.1701,-0.1837,-0.1761,-0.0306,-0.0436,-0.0609,0,0,1,1,2.38
S26,0,-0.0015,-0.0015,-0.0014,-0.204,-0.2124,-0.2207,0.0044,0.004,0.0043,-0.2036,-0.2118,-0.22,0.0051,0.0064,0.0089,1,1,1,1,5.03
S26,2,0.0004,-0.0115,-0.0786,-0.1947,-0.2063,-0.1541,-0.0703,-0.0822,-0.0848,-0.2022,-0.215,-0.1625,-0.023,-0.036,-0.056,0,0,1,1,1.96
S26,3,0.0008,-0.0014,-0.0744,-0.1831,-0.194,-0.1688,0.0521,0.0536,0.0535,-0.1576,-0.1663,-0.1414,0.0767,0.1018,0.1263,0,0,0,1,1.64
S27,2,0.0005,-0.0009,-0.0628,-0.2157,-0.2146,-0.1847,-0.1102,-0.1098,-0.0968,-0.2262,-0.2241,-0.192,-0.0434,-0.0565,-0.0681,0,0,1,1,2.17
S27,1,0,-0.0002,-0.0001,-0.269,-0.2688,-0.2687,0.0051,0.0043,0.0038,-0.2686,-0.2685,-0.2683,0.0037,0.0042,0.0049,1,1,0,3,6.61
S27,3,0.0002,0.0003,0,-0.1882,-0.1991,-0.2009,0.038,0.037,0.0347,-0.1678,-0.1776,-0.1784,0.0638,0.0828,0.1123,0,0,0,3,3.04
S28,3,-0.0003,-0.0003,-0.0005,-0.1524,-0.1623,-0.1638,-0.0265,-0.0257,-0.0238,-0.1522,-0.161,-0.1614,0.0232,0.034,0.0517,0,0,0,1,3.32
S28,1,-0.0005,-0.0005,0.0001,-0.2146,-0.2143,-0.2137,-0.0753,-0.0755,-0.0764,-0.216,-0.2159,-0.2155,-0.0238,-0.0265,-0.0301,1,1,0,3,6.89
S28,0,-0.0008,-0.0002,0.0024,-0.1543,-0.1633,-0.1745,0.0006,0.0005,0.0014,-0.154,-0.163,-0.174,0.0038,0.0052,0.0083,1,1,1,4, NaN
S29,1,-0.0014,-0.0014,-0.0012,-0.2576,-0.2564,-0.2553,0.0487,0.0486,0.0497,-0.2553,-0.2537,-0.2521,0.0165,0.0188,0.0221,1,1,0,1,6.34
S29,2,0.0024,0.0026,-0.0007,-0.1537,-0.1686,-0.1703,-0.0711,-0.0804,-0.0813,-0.1634,-0.1795,-0.1807,-0.0285,-0.0417,-0.0599,0,0,1,1,3.71
S29,0,0.0004,-0.0005,-0.0008,-0.2131,-0.2229,-0.2319,-0.0107,-0.0105,-0.01,-0.2134,-0.2231,-0.2321,-0.0007,-0.0001,0.0012,1,1,1,2,6.24
S3,0,-0.0001,-0.0001,-0.0001,-0.182,-0.1916,-0.2015,0,0,0.0003,-0.1818,-0.1914,-0.2011,0.0033,0.0045,0.0068,1,1,1,2,5.4
S3,3,-0.0008,-0.0006,-0.0011,-0.1425,-0.1521,-0.1527,-0.0028,-0.0046,-0.0087,-0.1338,-0.1433,-0.145,0.0431,0.0563,0.0719,0,0,0,2,3.26
S3,1,0.0012,0.0012,0.0014,-0.2131,-0.2143,-0.2153,-0.0759,-0.0748,-0.076,-0.2147,-0.216,-0.2172,-0.0236,-0.0257,-0.0292,1,1,0,4, NaN
S30,0,-0.0001,-0.0001,-0.0001,-0.1695,-0.1791,-0.1888,0.0045,0.0046,0.0053,-0.1689,-0.1784,-0.1878,0.006,0.0078,0.0113,1,1,1,1,6.4
S30,2,-0.0013,-0.0013,-0.0273,-0.1664,-0.1774,-0.1709,-0.078,-0.089,-0.0942,-0.1762,-0.1884,-0.1814,-0.0311,-0.0465,-0.0713,0,0,1,1,2.73
S30,3,-0.0008,-0.0361,-0.078,-0.1703,-0.1733,-0.1215,0.061,0.0601,0.0555,-0.1404,-0.1427,-0.0961,0.0862,0.1082,0.11,0,0,0,1,1.2
S31,1,-0.0005,-0.0013,-0.0013,-0.2406,-0.2403,-0.2388,0.0495,0.0487,0.0492,-0.238,-0.2374,-0.2354,0.018,0.0203,0.0237,1,1,0,1,6.25
S31,0,-0.0011,-0.0005,0.0001,-0.1785,-0.1874,-0.1972,-0.0103,-0.01,-0.0094,-0.1788,-0.1876,-0.1974,-0.0007,0,0.0016,1,1,1,1,5.06
S31,2,0.0001,-0.0252,-0.0709,-0.1715,-0.1781,-0.1168,-0.0791,-0.0873,-0.0872,-0.1815,-0.189,-0.1269,-0.0305,-0.0436,-0.065,0,0,1,1,1.72
S32,2,0.0003,-0.0088,-0.0785,-0.2161,-0.214,-0.1651,-0.1154,-0.1172,-0.097,-0.2271,-0.2239,-0.1728,-0.0462,-0.0615,-0.0676,0,0,1,1,1.99
S32,1,-0.0016,-0.0012,-0.0017,-0.2881,-0.2871,-0.2857,0.005,0.0044,0.0043,-0.2878,-0.2867,-0.2853,0.0034,0.0038,0.0046,1,1,0,2,6.82
S32,3,0.0009,0.0009,0.0007,-0.2041,-0.2153,-0.218,0.0364,0.0368,0.0356,-0.1853,-0.1951,-0.1964,0.0597,0.0788,0.1094,0,0,0,3,3.16
S33,3,-0.0003,-0.0006,-0.0013,-0.1939,-0.2041,-0.2048,0.0447,0.0451,0.0436,-0.1719,-0.1806,-0.18,0.0673,0.0881,0.1201,0,0,0,1,2.79
S33,2,-0.0002,-0.0342,-0.0671,-0.2055,-0.1931,-0.1306,-0.1185,-0.1193,-0.0957,-0.2174,-0.2037,-0.1387,-0.05,-0.0661,-0.0691,0,0,1,1,1.43
S33,1,-0.0005,-0.0005,-0.0002,-0.2442,-0.2434,-0.2432,0.005,0.0049,0.0043,-0.2439,-0.243,-0.2427,0.0041,0.0049,0.0058,1,1,0,3,7.49
S34,2,0.0008,0.0003,0.0033,-0.1891,-0.2018,-0.202,-0.0765,-0.0856,-0.087,-0.1976,-0.2112,-0.2108,-0.027,-0.0393,-0.0572,0,0,1,2,3.37
S34,0,0.0002,0.0002,0.0002,-0.2074,-0.2172,-0.2276,0.0046,0.0047,0.005,-0.2069,-0.2166,-0.2268,0.0051,0.0067,0.0095,1,1,1,3,4.89
S34,3,0,0,-0.001,-0.1742,-0.185,-0.1864,0.057,0.0574,0.0525,-0.1461,-0.1553,-0.1562,0.0822,0.1076,0.143,0,0,0,3,2.6
S37,3,0.0002,0,-0.0014,-0.1886,-0.1993,-0.2,0.0007,-0.0006,-0.0035,-0.1804,-0.1908,-0.1918,0.0385,0.0505,0.0674,0,0,0,1,2.96
S37,0,-0.0014,-0.0011,-0.0001,-0.2017,-0.21,-0.2191,0.001,0.0012,0.0014,-0.2014,-0.2096,-0.2186,0.0036,0.005,0.0074,1,1,1,2,7.15
S37,1,-0.0002,0.0001,0,-0.2543,-0.2542,-0.2543,-0.0759,-0.0758,-0.0763,-0.2556,-0.2557,-0.2559,-0.0202,-0.0224,-0.0253,1,1,0,3,7.36
S38,0,-0.0006,0.0003,-0.0007,-0.1778,-0.1872,-0.1972,0.0037,0.0031,0.0028,-0.1773,-0.1867,-0.1965,0.0054,0.0067,0.009,1,1,1,1,7.43
S38,3,-0.0001,-0.0002,-0.0006,-0.1502,-0.1609,-0.1626,0.0758,0.076,0.0744,-0.1117,-0.1201,-0.1193,0.1059,0.1376,0.1873,0,0,0,1,3.77
S38,2,-0.0013,-0.0012,-0.0011,-0.1715,-0.158,-0.1705,-0.065,-0.0843,-0.0968,-0.18,-0.1713,-0.1866,-0.0215,-0.0395,-0.0604,0,0,1,4, NaN
S39,1,-0.0004,-0.0005,-0.0001,-0.2268,-0.2263,-0.226,0.0049,0.0047,0.0044,-0.2264,-0.2259,-0.2255,0.0043,0.005,0.006,1,1,0,1,6.73
S39,2,-0.0001,-0.0002,-0.0431,-0.1691,-0.1678,-0.1527,-0.1077,-0.1083,-0.0974,-0.1821,-0.1796,-0.1619,-0.0535,-0.0705,-0.0872,0,0,1,1,2.46
S39,3,0,0,-0.0014,-0.1564,-0.1671,-0.168,0.0379,0.0367,0.0356,-0.1329,-0.1424,-0.1419,0.0725,0.094,0.128,0,0,0,1,2.43
S4,0,0.0001,0.0002,0.0002,-0.1881,-0.198,-0.208,-0.0093,-0.0097,-0.0109,-0.1884,-0.1982,-0.2082,-0.0003,0.0002,0.0009,1,1,1,1,6.27
S4,2,0.0003,0,-0.0013,-0.1668,-0.1798,-0.1789,-0.076,-0.0836,-0.082,-0.1765,-0.1903,-0.1886,-0.0292,-0.0409,-0.0558,0,0,1,1,3.64
S4,1,0,-0.0008,-0.0013,-0.2405,-0.2404,-0.2393,0.0493,0.0491,0.0495,-0.2381,-0.2376,-0.2361,0.0177,0.0201,0.0234,1,1,0,3,6.98
S40,0,-0.0002,-0.0003,-0.0002,-0.2023,-0.2118,-0.2213,-0.0114,-0.0118,-0.0111,-0.2026,-0.2121,-0.2216,-0.0009,-0.0006,0.0007,1,1,1,1,6.78
S40,2,-0.0002,-0.0003,-0.0009,-0.1856,-0.1981,-0.1975,-0.0805,-0.089,-0.0889,-0.195,-0.2084,-0.2071,-0.0289,-0.041,-0.0573,0,0,1,1,3.34
S40,1,0.0002,0.0002,0.0002,-0.2509,-0.251,-0.2512,0.0495,0.049,0.0497,-0.2484,-0.2482,-0.2478,0.0171,0.0194,0.0227,1,1,0,2,7.38
S41,0,0.0002,0,-0.0001,-0.2058,-0.2157,-0.2254,-0.0097,-0.0097,-0.01,-0.2061,-0.2159,-0.2256,-0.0004,0.0002,0.0013,1,1,1,1,7.78
S41,2,0.0008,0.0001,-0.0141,-0.184,-0.1968,-0.1938,-0.0714,-0.0803,-0.081,-0.1923,-0.206,-0.2025,-0.0244,-0.0357,-0.0514,0,0,1,1,2.74
S41,1,-0.0002,-0.0002,-0.0002,-0.2442,-0.2439,-0.2436,0.0482,0.0484,0.0495,-0.2419,-0.2412,-0.2404,0.0172,0.0196,0.0231,1,1,0,3,7.67
S42,0,-0.0016,-0.0014,-0.0011,-0.1993,-0.2077,-0.2162,0.001,0.0004,0.0012,-0.1991,-0.2074,-0.2158,0.0034,0.0044,0.0067,1,1,1,1,6.66
S42,1,-0.0013,-0.0013,-0.0088,-0.2353,-0.2344,-0.2323,-0.0763,-0.0753,-0.0766,-0.2367,-0.236,-0.2341,-0.0217,-0.0237,-0.027,1,1,0,3,2.14
S42,3,-0.0006,-0.0006,-0.0006,-0.1714,-0.1813,-0.1822,-0.0239,-0.0235,-0.0229,-0.1702,-0.1794,-0.1797,0.0234,0.0333,0.0482,0,0,0,4, NaN
S43,1,-0.0008,-0.0008,-0.0005,-0.2192,-0.2184,-0.2179,0.0485,0.0483,0.0489,-0.2164,-0.2153,-0.2142,0.0192,0.0217,0.0254,1,1,0,1,8.08
S43,2,-0.0005,-0.0006,-0.0009,-0.1502,-0.1617,-0.1608,-0.0841,-0.0913,-0.0899,-0.1623,-0.1745,-0.1725,-0.0375,-0.0516,-0.0707,0,0,1,1,4.75
S43,0,-0.0006,-0.0006,-0.0006,-0.1673,-0.1765,-0.1857,-0.01,-0.01,-0.0097,-0.1676,-0.1768,-0.1859,-0.0007,0,0.0014,1,1,1,2,7.11
S44,0,-0.0008,0,0.0005,-0.1831,-0.1925,-0.2026,0.0042,0.0047,0.005,-0.1827,-0.1919,-0.2018,0.0052,0.007,0.0097,1,1,1,1,5.91
S44,2,0.0001,-0.0005,-0.0264,-0.1797,-0.1917,-0.1854,-0.0805,-0.0913,-0.0926,-0.1892,-0.2023,-0.1954,-0.0305,-0.0452,-0.0653,0,0,1,1,2.72
S44,3,-0.0003,-0.0005,-0.0417,-0.1893,-0.1998,-0.1906,0.0552,0.0526,0.0482,-0.1639,-0.1737,-0.1649,0.0754,0.096,0.1222,0,0,0,3,1.85
S45,2,-0.0002,-0.0285,-0.0862,-0.1762,-0.1817,-0.1116,-0.0816,-0.0891,-0.0891,-0.1862,-0.1925,-0.1217,-0.0309,-0.0437,-0.065,0,0,1,1,1.6
S45,1,-0.0018,-0.0018,-0.0018,-0.295,-0.2935,-0.2921,0.0494,0.0489,0.0495,-0.293,-0.2912,-0.2894,0.0143,0.0161,0.0188,1,1,0,2,7.27
S45,0,-0.0003,-0.0003,-0.0003,-0.2015,-0.211,-0.2206,-0.01,-0.0107,-0.0105,-0.2018,-0.2113,-0.2208,-0.0004,0,0.0012,1,1,1,2,5.73
S46,2,-0.0004,-0.0008,-0.0382,-0.1853,-0.1962,-0.1832,-0.0658,-0.0743,-0.0763,-0.1927,-0.2045,-0.1912,-0.0212,-0.0317,-0.0479,0,0,1,1,2.56
S46,1,0.0007,0.0003,0,-0.2544,-0.2548,-0.2549,0.0495,0.0487,0.0493,-0.252,-0.2522,-0.2518,0.0168,0.0189,0.0221,1,1,0,3,6.43
S46,0,0.0001,0.001,0.0011,-0.1966,-0.2071,-0.2178,-0.0096,-0.0096,-0.0092,-0.1968,-0.2073,-0.2179,-0.0004,0.0003,0.0018,1,1,1,3,6.39
S47,0,-0.0003,-0.0002,-0.0002,-0.1723,-0.1822,-0.1915,0.0047,0.0049,0.0049,-0.1717,-0.1815,-0.1906,0.0059,0.0077,0.0107,1,1,1,1,6.11
S47,2,0.0002,0.0001,-0.0003,-0.1611,-0.1724,-0.1723,-0.0791,-0.087,-0.0894,-0.1714,-0.1835,-0.1827,-0.0329,-0.0468,-0.069,0,0,1,1,3.36
S47,3,0,0,-0.0323,-0.1595,-0.1705,-0.1661,0.0653,0.0653,0.0622,-0.1267,-0.1357,-0.1307,0.0935,0.1217,0.1598,0,0,0,1,2.03
S48,0,0.0016,0.0016,0.0016,-0.275,-0.2864,-0.2978,-0.0002,-0.0005,0.0002,-0.2749,-0.2863,-0.2975,0.0024,0.0032,0.005,1,1,1,1,5.85
S48,3,-0.0029,-0.0091,-0.026,-0.2321,-0.239,-0.2276,-0.0221,-0.0259,-0.0291,-0.2307,-0.2383,-0.2279,0.0193,0.023,0.0257,0,0,0,1,0.37
S48,1,-0.0012,-0.0006,0,-0.2859,-0.2851,-0.2849,-0.076,-0.0758,-0.0761,-0.2871,-0.2864,-0.2864,-0.0177,-0.0196,-0.022,1,1,0,4, NaN
S49,1,-0.001,-0.0009,-0.0009,-0.1835,-0.183,-0.1821,0.0045,0.004,0.0037,-0.1831,-0.1825,-0.1815,0.0053,0.006,0.0073,1,1,0,1,6.81
S49,2,0.0001,-0.0147,-0.0709,-0.1305,-0.1284,-0.075,-0.1172,-0.1166,-0.0945,-0.1486,-0.1443,-0.0872,-0.0759,-0.0987,-0.1067,0,0,1,1,1.84
S49,3,-0.0007,-0.001,-0.001,-0.1245,-0.1345,-0.1352,0.0444,0.0444,0.0427,-0.0944,-0.1027,-0.1023,0.0878,0.1144,0.152,0,0,0,1,3.28
S5,0,0.0004,0.0006,0.0007,-0.192,-0.2023,-0.2128,0.0042,0.0043,0.0052,-0.1915,-0.2017,-0.2119,0.0052,0.0069,0.0101,1,1,1,1,6.31
S5,2,0,-0.0008,-0.0269,-0.2011,-0.2122,-0.2051,-0.082,-0.091,-0.0918,-0.2099,-0.2217,-0.2139,-0.0283,-0.0408,-0.0586,0,0,1,1,2.69
S5,3,0.0002,-0.0005,-0.0451,-0.2021,-0.213,-0.2023,0.0487,0.0499,0.0507,-0.1798,-0.1889,-0.177,0.0681,0.09,0.1201,0,0,0,1,1.82
S50,0,-0.0002,-0.0001,-0.0002,-0.1786,-0.1884,-0.1981,0.0048,0.0039,0.0043,-0.1781,-0.1878,-0.1972,0.0059,0.0073,0.0103,1,1,1,1,6.62
S50,2,0.0039,0.0005,-0.0337,-0.1688,-0.1829,-0.1734,-0.0835,-0.0941,-0.0982,-0.1794,-0.1946,-0.1846,-0.0345,-0.0506,-0.0771,0,0,1,1,2.63
S50,3,-0.0006,-0.001,-0.0246,-0.1418,-0.1521,-0.1489,0.0686,0.0696,0.0672,-0.1046,-0.1126,-0.1085,0.1032,0.1347,0.177,0,0,0,1,2.05
S51,2,-0.0001,-0.0005,-0.0367,-0.1583,-0.1577,-0.1466,-0.1196,-0.1203,-0.0945,-0.1737,-0.1714,-0.157,-0.0651,-0.0855,-0.0867,0,0,1,1,2.56
S51,3,-0.0006,-0.0007,-0.0254,-0.1549,-0.1651,-0.1622,0.0365,0.0373,0.0354,-0.1319,-0.1405,-0.1371,0.0713,0.0938,0.1231,0,0,0,1,2.07
S51,1,0.0054,0.0062,0.0042,-0.007,-0.0083,-0.0108,0.2498,0.2502,0.2527,0.2161,0.2213,0.2273,0.1163,0.1014,0.0904,1,1,0,1,0
S52,3,-0.0013,-0.0012,-0.0102,-0.1672,-0.1766,-0.1762,0.0029,0.0008,-0.0012,-0.1578,-0.1672,-0.1671,0.0424,0.0543,0.0716,0,0,0,1,2.27
S52,1,-0.0011,-0.0011,-0.0011,-0.2129,-0.2119,-0.2109,-0.0755,-0.0755,-0.0762,-0.2146,-0.2138,-0.2131,-0.0238,-0.0264,-0.0298,1,1,0,3,7.29
S52,0,-0.0009,-0.0007,-0.0005,-0.1704,-0.1795,-0.1887,-0.0007,-0.0002,0.0006,-0.1702,-0.1792,-0.1882,0.0032,0.0047,0.0073,1,1,1,3,6.47
S53,0,-0.0003,0.0007,0.0003,-0.1643,-0.1739,-0.185,-0.0001,-0.0001,0.0001,-0.1641,-0.1736,-0.1845,0.0036,0.0049,0.0074,1,1,1,1,5.06
S53,1,-0.0011,-0.0007,0.0001,-0.2145,-0.2138,-0.2134,-0.0752,-0.0755,-0.0762,-0.2161,-0.2155,-0.2153,-0.0235,-0.0262,-0.0296,1,1,0,1,6.52
S53,3,-0.0001,-0.0052,-0.0625,-0.1565,-0.1661,-0.1419,-0.022,-0.0229,-0.0233,-0.1548,-0.1641,-0.1415,0.0255,0.0347,0.034,0,0,0,1,1.36
S54,1,0,-0.0002,-0.0003,-0.2505,-0.2507,-0.2503,0.0479,0.0478,0.0487,-0.2481,-0.2479,-0.2471,0.0169,0.0192,0.0226,1,1,0,1,7.38
S54,2,0.0001,-0.0002,-0.0121,-0.1647,-0.1763,-0.1741,-0.0764,-0.0842,-0.0838,-0.1746,-0.1871,-0.1841,-0.03,-0.0426,-0.0597,0,0,1,1,2.94
S54,0,-0.0001,0,0.0001,-0.1965,-0.206,-0.2159,-0.0111,-0.0099,-0.0096,-0.1968,-0.2062,-0.2161,-0.0011,-0.0001,0.0012,1,1,1,2,6.97
S55,0,-0.0003,-0.0003,-0.0003,-0.1803,-0.1899,-0.1994,0.0041,0.0045,0.0051,-0.1799,-0.1892,-0.1985,0.0055,0.0073,0.0104,1,1,1,1,6.76
S55,2,0.0009,0.001,-0.019,-0.1788,-0.1914,-0.1887,-0.0749,-0.0864,-0.0905,-0.1876,-0.2013,-0.1983,-0.0276,-0.0422,-0.0641,0,0,1,1,2.9
S55,3,-0.0004,-0.0011,-0.0325,-0.167,-0.1774,-0.1721,0.0544,0.0551,0.0528,-0.1392,-0.1478,-0.142,0.0823,0.1077,0.1413,0,0,0,1,2.01
S56,1,-0.0002,-0.0001,0,-0.2603,-0.2601,-0.2605,0.0038,0.0045,0.0038,-0.26,-0.2597,-0.2601,0.0034,0.0043,0.005,1,1,0,1,8.18
S56,3,0,0.0001,0.0002,-0.1883,-0.1992,-0.2006,0.0464,0.0448,0.042,-0.1654,-0.1754,-0.1759,0.0693,0.0891,0.1201,0,0,0,1,3.28
S56,2,-0.0009,-0.001,-0.0296,-0.1921,-0.1904,-0.1825,-0.1253,-0.1256,-0.0959,-0.2055,-0.2023,-0.1916,-0.057,-0.0743,-0.0718,0,0,1,1,2.71
S57,0,-0.0011,-0.001,-0.0006,-0.1597,-0.1682,-0.1772,0.0042,0.0041,0.0041,-0.1591,-0.1676,-0.1763,0.006,0.0077,0.0105,1,1,1,1,6.76
S57,2,-0.0002,-0.0007,-0.0012,-0.1542,-0.1654,-0.1643,-0.089,-0.0984,-0.0954,-0.1664,-0.1787,-0.176,-0.0406,-0.0572,-0.0768,0,0,1,1,3.35
S57,3,0,-0.0004,-0.0452,-0.1526,-0.1637,-0.1493,0.0556,0.0568,0.0585,-0.1223,-0.1312,-0.1156,0.0881,0.1164,0.1505,0,0,0,3,1.69
S58,0,0.0003,0.0004,-0.0004,-0.1906,-0.2008,-0.2107,0.0006,0.0007,0.0014,-0.1904,-0.2005,-0.2103,0.0033,0.0046,0.0071,1,1,1,1,5.35
S58,3,0,-0.0002,-0.0067,-0.191,-0.2015,-0.2018,-0.014,-0.0136,-0.0148,-0.1871,-0.1968,-0.1972,0.0283,0.0391,0.0536,0,0,0,1,2.34
S58,1,-0.0008,-0.0011,-0.0008,-0.2461,-0.245,-0.2443,-0.0751,-0.075,-0.0754,-0.2474,-0.2464,-0.2459,-0.0208,-0.0231,-0.026,1,1,0,3,6.43
S59,1,-0.0011,-0.001,-0.0006,-0.2405,-0.2394,-0.2388,0.0479,0.0482,0.0495,-0.2382,-0.2368,-0.2357,0.0172,0.0197,0.0232,1,1,0,1,6.73
S59,0,0,0,0.0001,-0.1761,-0.1853,-0.1964,-0.0102,-0.01,-0.0097,-0.1764,-0.1855,-0.1967,-0.0007,0,0.0015,1,1,1,1,5.68
S59,2,0.0002,0.0002,0.0002,-0.1625,-0.1747,-0.1749,-0.0741,-0.0826,-0.0829,-0.1722,-0.1854,-0.1849,-0.0289,-0.0416,-0.0589,0,0,1,1,4.01
S6,1,0,0,0,-0.2321,-0.232,-0.2321,0.0053,0.0049,0.0035,-0.2317,-0.2315,-0.2317,0.0044,0.0052,0.0058,1,1,0,1,6.48
S6,2,-0.0005,-0.0254,-0.072,-0.1643,-0.1583,-0.0959,-0.1224,-0.1193,-0.0938,-0.1796,-0.1714,-0.1057,-0.064,-0.0813,-0.0837,0,0,1,1,1.7
S6,3,-0.0008,-0.0005,-0.0009,-0.1587,-0.1689,-0.1699,0.0467,0.0447,0.0414,-0.1327,-0.1422,-0.1427,0.0773,0.0985,0.1305,0,0,0,1,2.6
S61,3,0.0003,0.0003,0.0003,-0.1811,-0.1916,-0.193,-0.0227,-0.022,-0.0209,-0.1795,-0.1892,-0.1898,0.0236,0.0338,0.05,0,0,0,1,2.9
S61,1,0.0002,0.0002,0.0002,-0.2387,-0.239,-0.2391,-0.0758,-0.076,-0.0766,-0.2401,-0.2406,-0.2408,-0.0211,-0.0234,-0.0264,1,1,0,2,6.98
S61,0,0.0001,0.0001,0,-0.1866,-0.1962,-0.2063,0.0002,0.0003,0.0006,-0.1864,-0.1959,-0.2058,0.0034,0.0047,0.0071,1,1,1,4, NaN
S62,2,0.0019,-0.0001,-0.0006,-0.1487,-0.1624,-0.1618,-0.0713,-0.0805,-0.0814,-0.1587,-0.1735,-0.1724,-0.0295,-0.043,-0.0618,0,0,1,1,4.69
S62,1,-0.0003,-0.0003,-0.0003,-0.2236,-0.2234,-0.2232,0.0486,0.0485,0.0494,-0.2211,-0.2205,-0.2198,0.0188,0.0214,0.0251,1,1,0,4, NaN
S62,0,-0.0003,-0.0003,-0.0003,-0.1711,-0.1806,-0.19,-0.0103,-0.0104,-0.0103,-0.1714,-0.1809,-0.1903,-0.0009,-0.0004,0.0008,1,1,1,4, NaN
S64,3,-0.0001,-0.0011,-0.0493,-0.1778,-0.1881,-0.172,0.0569,0.0575,0.0562,-0.1502,-0.1588,-0.1426,0.0807,0.1055,0.1337,0,0,0,1,1.51
S64,0,0.0006,0.0006,0.0005,-0.2004,-0.2107,-0.2211,0.0046,0.0044,0.0048,-0.1999,-0.2101,-0.2202,0.0054,0.007,0.0099,1,1,1,3,6.8
S64,2,-0.0011,-0.0012,-0.0266,-0.1701,-0.1807,-0.1732,-0.0874,-0.0942,-0.092,-0.181,-0.1923,-0.1835,-0.036,-0.0492,-0.0676,0,0,1,3,2.5
S65,3,-0.0002,-0.0001,-0.0001,-0.1756,-0.186,-0.1873,0.0243,0.026,0.0271,-0.1585,-0.1671,-0.1665,0.0575,0.0772,0.1081,0,0,0,1,3.26
S65,2,-0.0003,-0.0029,-0.0537,-0.18,-0.178,-0.1467,-0.1113,-0.1126,-0.0967,-0.1926,-0.1894,-0.1556,-0.0524,-0.0695,-0.0804,0,0,1,1,2.04
S65,1,-0.0002,-0.0008,0,-0.2337,-0.2328,-0.2326,0.0043,0.0045,0.0043,-0.2334,-0.2324,-0.2321,0.0039,0.0047,0.0057,1,1,0,2,7.75
S66,0,0.0008,0.0009,0.0009,-0.1285,-0.1391,-0.1499,0.0004,0.0001,0.0004,-0.1282,-0.1388,-0.1493,0.0044,0.006,0.0092,1,1,1,1,5.09
S66,1,-0.0001,-0.0011,-0.0006,-0.2332,-0.2325,-0.2318,-0.0752,-0.0752,-0.0762,-0.2347,-0.2342,-0.2337,-0.0214,-0.0237,-0.0268,1,1,0,2,7.32
S66,3,-0.0003,-0.0003,-0.0003,-0.1654,-0.1753,-0.1763,-0.0259,-0.0249,-0.0231,-0.1649,-0.1739,-0.1738,0.0223,0.0326,0.0488,0,0,0,2,2.59
S67,1,-0.0002,-0.0003,-0.0005,-0.2547,-0.2544,-0.254,0.0492,0.0486,0.0495,-0.2521,-0.2515,-0.2507,0.017,0.0192,0.0225,1,1,0,1,6.34
S67,2,0.0001,0,-0.0012,-0.1882,-0.2003,-0.1997,-0.0811,-0.0893,-0.089,-0.1976,-0.2105,-0.2092,-0.0289,-0.0409,-0.0571,0,0,1,1,3.42
S67,0,0,0,0,-0.2065,-0.2163,-0.226,-0.0103,-0.0099,-0.0086,-0.2068,-0.2166,-0.2261,-0.0006,0.0001,0.0019,1,1,1,3,5.59
S68,0,-0.0008,-0.0002,-0.0002,-0.175,-0.1842,-0.1939,0.0049,0.0049,0.0051,-0.1744,-0.1835,-0.1929,0.006,0.0078,0.0109,1,1,1,1,5.91
S68,2,-0.0001,0,0,-0.171,-0.1824,-0.1824,-0.0834,-0.0914,-0.0919,-0.1814,-0.1934,-0.1925,-0.0336,-0.0474,-0.0673,0,0,1,1,3.67
S68,3,-0.0163,-0.0651,-0.0584,-0.1528,-0.1276,-0.0777,0.0517,0.0508,0.0488,-0.1247,-0.1017,-0.0577,0.0829,0.0905,0.0832,0,0,0,1,0.16
S7,1,0.0002,-0.0008,-0.0004,-0.2468,-0.2463,-0.2457,-0.0755,-0.0753,-0.0761,-0.2482,-0.2479,-0.2475,-0.0207,-0.0229,-0.026,1,1,0,1,5.12
S7,3,-0.0003,-0.0003,-0.0003,-0.1859,-0.196,-0.197,-0.0197,-0.0179,-0.0173,-0.1837,-0.1927,-0.1932,0.0244,0.0351,0.05,0,0,0,1,2.7
S7,0,-0.0002,-0.0002,-0.0002,-0.1932,-0.2028,-0.2125,0.001,0.0009,0.0008,-0.193,-0.2025,-0.212,0.0035,0.0048,0.007,1,1,1,3,6.14
S70,3,-0.0001,-0.0001,-0.004,-0.1543,-0.1645,-0.1655,0.0421,0.0427,0.0411,-0.129,-0.1374,-0.137,0.0769,0.1011,0.1369,0,0,0,1,2.36
S70,2,-0.0003,-0.0268,-0.0494,-0.1588,-0.1518,-0.0957,-0.1215,-0.1211,-0.0951,-0.1744,-0.1656,-0.1061,-0.066,-0.086,-0.0881,0,0,1,1,1.63
S70,1,0,0,0,-0.2281,-0.2281,-0.228,0.0046,0.0045,0.0041,-0.2277,-0.2276,-0.2275,0.0041,0.0049,0.0058,1,1,0,2,7.56
S71,1,-0.0008,-0.0009,-0.0004,-0.2212,-0.2205,-0.22,-0.0756,-0.0753,-0.0758,-0.2228,-0.2222,-0.2219,-0.0228,-0.0252,-0.0283,1,1,0,1,7.7
S71,0,-0.001,-0.0004,0,-0.1672,-0.1764,-0.186,0.0001,0.0001,0.0008,-0.167,-0.1761,-0.1855,0.0034,0.0048,0.0074,1,1,1,1,6.01
S71,3,0,0,0,-0.1532,-0.1631,-0.1641,-0.0258,-0.0261,-0.0252,-0.1528,-0.1621,-0.1624,0.0232,0.0329,0.0482,0,0,0,1,2.87
S72,1,-0.0001,0,0.0001,-0.2473,-0.2472,-0.2472,-0.0758,-0.076,-0.0768,-0.2488,-0.2488,-0.2489,-0.0205,-0.0228,-0.0258,1,1,0,1,7.48
S72,0,-0.0006,-0.0007,-0.0009,-0.1969,-0.2061,-0.2152,0.0009,0.001,0.0011,-0.1966,-0.2058,-0.2147,0.0035,0.0049,0.0072,1,1,1,1,5.41
S72,3,-0.0002,-0.0007,-0.037,-0.1974,-0.207,-0.1997,-0.0259,-0.0264,-0.0274,-0.1968,-0.2062,-0.1992,0.0199,0.0274,0.0347,0,0,0,1,1.98
S73,0,0.0002,0.0002,0.0002,-0.1974,-0.2074,-0.2174,-0.0108,-0.0108,-0.0104,-0.1977,-0.2077,-0.2177,-0.0008,-0.0003,0.0009,1,1,1,1,6.08
S73,1,-0.0014,-0.0013,-0.0013,-0.245,-0.244,-0.2427,0.0483,0.0485,0.0495,-0.2426,-0.2412,-0.2395,0.0173,0.0198,0.0233,1,1,0,1,5.83
S73,2,-0.0003,-0.0003,-0.0008,-0.1745,-0.1855,-0.185,-0.0787,-0.0871,-0.0875,-0.1842,-0.196,-0.1948,-0.0297,-0.0425,-0.0599,0,0,1,1,3.48
S74,1,-0.0002,-0.0004,-0.001,-0.2386,-0.2384,-0.2378,0.0479,0.0482,0.0492,-0.2362,-0.2357,-0.2347,0.0174,0.0199,0.0234,1,1,0,1,5.78
S74,0,0.0001,0.0001,0.0003,-0.1799,-0.1898,-0.1998,-0.01,-0.0101,-0.0098,-0.1802,-0.1901,-0.2,-0.0006,0,0.0014,1,1,1,1,4.97
S74,2,0.0005,-0.0001,-0.0008,-0.1634,-0.1748,-0.1746,-0.0766,-0.083,-0.0828,-0.1734,-0.1855,-0.1844,-0.0303,-0.0419,-0.0589,0,0,1,1,3.24
S75,0,-0.0002,-0.0002,-0.0002,-0.2055,-0.2152,-0.2248,0.004,0.0035,0.004,-0.2051,-0.2147,-0.2241,0.0048,0.0061,0.0087,1,1,1,1,6.43
S75,2,0.0005,-0.0001,-0.0258,-0.1884,-0.2001,-0.1943,-0.0775,-0.0873,-0.0882,-0.1971,-0.2097,-0.2033,-0.0277,-0.0408,-0.0589,0,0,1,1,2.8
S75,3,-0.0003,-0.0007,-0.0658,-0.1807,-0.1908,-0.1672,0.0439,0.0456,0.0461,-0.1575,-0.1656,-0.1421,0.0717,0.0955,0.1189,0,0,0,1,1.61
S76,0,-0.0005,0.0002,0.0003,-0.191,-0.2004,-0.2109,0.0041,0.0048,0.0058,-0.1905,-0.1998,-0.21,0.0051,0.0069,0.0101,1,1,1,1,5.5
S76,3,0.0062,0.0021,-0.0412,-0.1804,-0.195,-0.1866,0.064,0.0639,0.0621,-0.1503,-0.1626,-0.1527,0.0869,0.1154,0.1545,0,0,0,1,1.82
S76,2,-0.0005,-0.0006,-0.0456,-0.1907,-0.202,-0.1858,-0.0827,-0.0921,-0.0926,-0.2,-0.2122,-0.1952,-0.0301,-0.0435,-0.0625,0,0,1,3,2.45
S77,3,0,0,-0.0005,-0.1854,-0.1961,-0.197,0.0374,0.0317,0.0298,-0.1649,-0.1759,-0.1755,0.0648,0.0804,0.1102,0,0,0,1,3.32
S77,2,0,0,-0.0035,-0.2092,-0.2084,-0.2078,-0.1153,-0.1175,-0.0953,-0.2206,-0.2186,-0.2158,-0.0475,-0.0636,-0.0669,0,0,1,1,3.1
S77,1,0.0002,0.0002,0.0001,-0.2684,-0.2686,-0.2686,0.0047,0.0037,0.0025,-0.2681,-0.2683,-0.2682,0.0037,0.0041,0.0046,1,1,0,2,8.1
S78,2,-0.0002,-0.0002,-0.0006,-0.1432,-0.1549,-0.1546,-0.0759,-0.0859,-0.0872,-0.154,-0.1669,-0.1658,-0.0343,-0.0503,-0.0725,0,0,1,1,3.39
S78,3,-0.0007,-0.0004,-0.0004,-0.1442,-0.1543,-0.1555,0.0462,0.0457,0.0442,-0.116,-0.1246,-0.1242,0.0841,0.1096,0.1488,0,0,0,1,3.34
S78,0,-0.0012,-0.001,-0.0006,-0.16,-0.1688,-0.1778,0.0051,0.0053,0.0056,-0.1594,-0.1681,-0.1768,0.0061,0.0079,0.0111,1,1,1,4, NaN
S8,1,0,-0.0001,-0.0001,-0.2427,-0.2427,-0.2426,0.0493,0.0488,0.0494,-0.2402,-0.2398,-0.2393,0.0177,0.02,0.0235,1,1,0,1,6.7
S8,0,-0.0001,-0.0002,-0.0007,-0.189,-0.1984,-0.208,-0.0102,-0.0098,-0.0096,-0.1892,-0.1986,-0.2082,-0.0007,0.0001,0.0014,1,1,1,1,5.67
S8,2,0.0001,-0.0005,-0.0013,-0.1736,-0.1849,-0.1837,-0.0716,-0.0789,-0.0795,-0.1823,-0.1944,-0.1925,-0.0258,-0.0369,-0.0527,0,0,1,3,4.11
S80,2,0.0004,-0.0002,-0.0062,-0.2342,-0.2336,-0.2323,-0.1128,-0.1133,-0.095,-0.2442,-0.2425,-0.2392,-0.0414,-0.0544,-0.0604,0,0,1,1,3.12
S80,1,-0.0015,-0.0012,-0.0007,-0.2937,-0.2923,-0.2917,0.0045,0.0037,0.0032,-0.2934,-0.2921,-0.2914,0.0032,0.0036,0.0042,1,1,0,2,8.55
S80,3,-0.0016,-0.0016,-0.0022,-0.1973,-0.2064,-0.2064,0.041,0.0434,0.0403,-0.1768,-0.1841,-0.1838,0.0634,0.084,0.1113,0,0,0,3,2.26
S81,1,-0.0002,-0.0002,-0.0015,-0.267,-0.2668,-0.2661,-0.0755,-0.0752,-0.076,-0.2684,-0.2684,-0.2679,-0.0189,-0.0208,-0.0235,1,1,0,1,6.89
S81,0,0.0005,0.0004,0.0006,-0.2286,-0.239,-0.2492,-0.0001,-0.0004,0.0007,-0.2284,-0.2387,-0.2488,0.0029,0.004,0.0063,1,1,1,2,5.64
S81,3,-0.0005,-0.0005,-0.0007,-0.1758,-0.1964,-0.1991,-0.0129,-0.0112,-0.0099,-0.1721,-0.1913,-0.1932,0.0265,0.0396,0.0571,0,0,0,3,2.57
S82,1,0.0004,0.0003,-0.0008,-0.2557,-0.256,-0.256,0.0487,0.0484,0.0486,-0.2534,-0.2534,-0.2531,0.0165,0.0187,0.0216,1,1,0,1,6.88
S82,0,-0.0005,-0.0003,-0.0004,-0.2062,-0.2156,-0.225,-0.0106,-0.0101,-0.0101,-0.2064,-0.2158,-0.2252,-0.0008,0,0.0011,1,1,1,1,5.59
S82,2,0.0004,-0.0004,-0.0269,-0.1748,-0.187,-0.1806,-0.0735,-0.0815,-0.0814,-0.1837,-0.1968,-0.1897,-0.0266,-0.0381,-0.054,0,0,1,1,2.73
S83,2,-0.0002,-0.0009,-0.0312,-0.1597,-0.1709,-0.1623,-0.079,-0.0871,-0.0869,-0.1703,-0.1823,-0.1729,-0.0324,-0.0459,-0.0648,0,0,1,1,2.72
S83,1,0,0.0009,0.0023,-0.2247,-0.2248,-0.2265,0.0483,0.0482,0.0492,-0.222,-0.2217,-0.2229,0.0188,0.0214,0.0252,1,1,0,3,6.76
S83,0,0,0,0,-0.1748,-0.1847,-0.1944,-0.0105,-0.0103,-0.01,-0.1751,-0.1849,-0.1947,-0.0008,-0.0001,0.0013,1,1,1,3,5.54
S84,0,0.0003,-0.0003,-0.0002,-0.201,-0.2109,-0.2204,0.0048,0.005,0.0054,-0.2005,-0.2102,-0.2195,0.0054,0.0071,0.0101,1,1,1,1,6.49
S84,3,-0.0001,-0.0003,-0.0013,-0.1691,-0.1796,-0.1811,0.0466,0.0479,0.0469,-0.1436,-0.152,-0.1516,0.0769,0.1021,0.1408,0,0,0,1,2.61
S84,2,0.0005,-0.0006,-0.0336,-0.1769,-0.1884,-0.178,-0.0798,-0.0895,-0.0921,-0.1865,-0.1989,-0.1879,-0.0307,-0.045,-0.067,0,0,1,1,2.54
S85,1,0.0023,0.0027,0.0003,-0.2275,-0.2295,-0.231,0.0049,0.0052,0.0046,-0.2272,-0.2291,-0.2304,0.0043,0.0053,0.0064,1,1,0,1,7.62
S85,2,-0.0002,-0.0038,-0.0615,-0.1626,-0.1605,-0.1235,-0.1208,-0.1205,-0.098,-0.178,-0.1742,-0.1341,-0.0641,-0.0835,-0.0896,0,0,1,1,2.02
S85,3,-0.0001,-0.0001,-0.0002,-0.1915,-0.2018,-0.203,0.0402,0.0391,0.0372,-0.1706,-0.1799,-0.1799,0.0652,0.0845,0.1153,0,0,0,4, NaN
S86,1,-0.0004,-0.0002,-0.0003,-0.2187,-0.2184,-0.2183,0.0051,0.0047,0.0042,-0.2183,-0.218,-0.2177,0.0045,0.0053,0.0063,1,1,0,1,6.13
S86,2,-0.0011,-0.0071,-0.0422,-0.1821,-0.1794,-0.143,-0.1141,-0.1153,-0.0967,-0.1949,-0.1909,-0.1519,-0.0533,-0.0705,-0.0785,0,0,1,1,1.79
S86,3,-0.0002,-0.0002,-0.0002,-0.1494,-0.1595,-0.1606,0.0402,0.0391,0.0365,-0.1246,-0.1336,-0.134,0.0757,0.0976,0.1301,0,0,0,3,3.28
S87,0,-0.0001,-0.0001,-0.0001,-0.1735,-0.1833,-0.193,0.0005,0.0005,0.001,-0.1732,-0.1829,-0.1925,0.0038,0.0053,0.008,1,1,1,1,5.85
S87,3,-0.0001,0,-0.0253,-0.1514,-0.161,-0.1585,-0.0073,-0.0086,-0.0104,-0.1447,-0.1541,-0.152,0.0375,0.0495,0.064,0,0,0,1,2.12
S87,1,-0.0001,-0.0001,-0.0001,-0.2289,-0.2289,-0.2287,-0.0758,-0.0757,-0.0764,-0.2305,-0.2307,-0.2307,-0.0221,-0.0244,-0.0276,1,1,0,4, NaN
S88,1,0.0001,0.0001,0.0001,-0.2617,-0.2621,-0.2622,0.0498,0.0483,0.0483,-0.2594,-0.2595,-0.2593,0.0164,0.0182,0.0211,1,1,0,1,7.49
S88,0,0.0002,0.0001,0.0001,-0.1935,-0.2033,-0.2132,-0.0108,-0.0097,-0.0088,-0.1938,-0.2036,-0.2134,-0.0009,0.0001,0.0018,1,1,1,1,5.77
S88,2,0,0.0001,-0.0006,-0.1741,-0.1864,-0.1864,-0.0783,-0.0862,-0.0857,-0.1838,-0.197,-0.1962,-0.0294,-0.0415,-0.0577,0,0,1,1,3.71
S89,0,0.0003,0.0005,0.0008,-0.1859,-0.1961,-0.2065,0.0045,0.005,0.0056,-0.1854,-0.1954,-0.2055,0.0054,0.0073,0.0105,1,1,1,1,6.29
S89,3,-0.0003,-0.0008,-0.0008,-0.1572,-0.1675,-0.1685,0.056,0.0547,0.0507,-0.1269,-0.1359,-0.136,0.0879,0.1135,0.1516,0,0,0,2,2.45
S89,2,-0.0001,-0.0008,-0.002,-0.1823,-0.1948,-0.193,-0.0786,-0.0871,-0.0937,-0.1915,-0.2047,-0.2025,-0.0289,-0.0413,-0.0657,0,0,1,2,2.34
S9,0,-0.0008,-0.0007,-0.0001,-0.1992,-0.2082,-0.2176,0.0043,0.0045,0.005,-0.1988,-0.2076,-0.2168,0.0051,0.0066,0.0094,1,1,1,1,5.44
S9,2,0.0008,0.0002,-0.002,-0.1948,-0.2069,-0.2059,-0.0776,-0.0832,-0.0825,-0.2033,-0.2158,-0.214,-0.0269,-0.0369,-0.0521,0,0,1,1,3.19
S9,3,0.0004,-0.0004,-0.0397,-0.2165,-0.2276,-0.2197,0.0544,0.0546,0.0521,-0.1939,-0.2036,-0.1953,0.068,0.0888,0.1168,0,0,0,1,1.88
S90,2,0.0013,0.0012,-0.0012,-0.161,-0.1619,-0.1615,-0.1283,-0.1279,-0.0971,-0.1776,-0.1766,-0.1728,-0.0696,-0.0904,-0.0865,0,0,1,1,3.28
S90,3,0.0002,0.0002,-0.0043,-0.172,-0.1828,-0.1841,0.0456,0.0454,0.0432,-0.1474,-0.1567,-0.1567,0.0738,0.0962,0.1302,0,0,0,1,2.33
S90,1,-0.0002,-0.0002,-0.0002,-0.2236,-0.2234,-0.2232,0.0042,0.0037,0.0037,-0.2232,-0.223,-0.2227,0.0042,0.0049,0.006,1,1,0,3,7.76
S91,3,-0.0008,-0.0008,-0.001,-0.181,-0.1906,-0.1912,-0.0057,-0.0052,-0.0054,-0.1745,-0.1833,-0.1835,0.0347,0.047,0.065,0,0,0,1,2.58
S91,0,-0.0005,0.0015,0.0018,-0.1495,-0.1603,-0.1718,0.0004,0.0004,0.0008,-0.1492,-0.1599,-0.1712,0.0042,0.0058,0.0089,1,1,1,2,7.03
S91,1,-0.0014,-0.0013,-0.0006,-0.2457,-0.2444,-0.2437,-0.0747,-0.0751,-0.0762,-0.2472,-0.2461,-0.2456,-0.0201,-0.0224,-0.0254,1,1,0,3,6.54
S92,1,-0.0015,-0.0014,-0.001,-0.2604,-0.259,-0.2581,-0.0746,-0.075,-0.0757,-0.2617,-0.2605,-0.2597,-0.0193,-0.0214,-0.0242,1,1,0,1,7.55
S92,0,-0.0009,-0.0007,-0.0004,-0.1671,-0.1761,-0.1854,0,0.0001,0.0006,-0.1668,-0.1758,-0.1849,0.0035,0.0048,0.0073,1,1,1,3,5.34
S92,3,-0.0008,-0.0009,-0.0009,-0.1947,-0.2043,-0.2048,-0.0106,-0.0116,-0.0132,-0.1898,-0.1991,-0.1997,0.0301,0.0399,0.0543,0,0,0,3,3.34
S94,1,-0.0003,-0.0003,-0.0003,-0.2305,-0.2303,-0.2301,0.0488,0.0487,0.0497,-0.2278,-0.2272,-0.2265,0.0186,0.0212,0.0249,1,1,0,1,6.69
S94,2,0.0004,0.0005,-0.0006,-0.1931,-0.2065,-0.2065,-0.0688,-0.0782,-0.0783,-0.2006,-0.215,-0.2145,-0.0218,-0.0326,-0.0458,0,0,1,3,3.84
S94,0,-0.0007,-0.0007,-0.0007,-0.172,-0.1808,-0.1902,-0.0108,-0.0104,-0.01,-0.1723,-0.1811,-0.1904,-0.001,-0.0001,0.0013,1,1,1,4, NaN
S95,0,-0.0011,-0.001,-0.0007,-0.1425,-0.1513,-0.16,0.0052,0.0046,0.0051,-0.1419,-0.1506,-0.159,0.0068,0.0084,0.0118,1,1,1,1,6.7
S95,2,0.0004,0.0006,-0.0222,-0.1196,-0.1329,-0.1294,-0.0784,-0.088,-0.0889,-0.1329,-0.1475,-0.1429,-0.0421,-0.0602,-0.0868,0,0,1,1,2.79
S95,3,0,-0.0005,-0.0229,-0.1139,-0.1246,-0.1219,0.0464,0.0471,0.0459,-0.0803,-0.0884,-0.0846,0.0964,0.1277,0.1685,0,0,0,1,1.96
S96,1,-0.0009,-0.0009,-0.0015,-0.2616,-0.2607,-0.2597,0.0032,0.0025,0.0023,-0.2613,-0.2605,-0.2594,0.0031,0.0035,0.0042,1,1,0,1,6.69
S96,2,-0.0006,-0.0018,-0.0329,-0.2324,-0.2297,-0.2195,-0.1107,-0.1094,-0.096,-0.2422,-0.2384,-0.2263,-0.0405,-0.0522,-0.0621,0,0,1,1,2.56
S96,3,-0.0009,-0.001,-0.0009,-0.2048,-0.2146,-0.2153,0.0356,0.032,0.0279,-0.1865,-0.1963,-0.1967,0.0584,0.0733,0.0972,0,0,0,3,3.39
S97,0,0,0,0,-0.1761,-0.1865,-0.196,0.0042,0.0044,0.0046,-0.1756,-0.1859,-0.1952,0.0053,0.0071,0.0099,1,1,1,1,5.47
S97,2,-0.0001,-0.0005,-0.06,-0.1489,-0.1603,-0.1332,-0.0683,-0.0771,-0.0778,-0.1581,-0.1706,-0.1429,-0.0282,-0.0415,-0.0626,0,0,1,1,2.3
S97,3,-0.0004,-0.0004,-0.0295,-0.1505,-0.1607,-0.1567,0.037,0.037,0.0361,-0.1264,-0.1349,-0.1299,0.0754,0.0995,0.1328,0,0,0,1,2.05
S99,1,-0.0014,-0.0011,-0.0003,-0.2529,-0.2516,-0.2511,-0.0752,-0.0758,-0.0769,-0.2543,-0.2532,-0.2529,-0.02,-0.0223,-0.0253,1,1,0,1,5.67
S99,3,0.0002,0.0002,0.0002,-0.1835,-0.1936,-0.1948,-0.0138,-0.0127,-0.0111,-0.1794,-0.1885,-0.1887,0.0291,0.0409,0.0597,0,0,0,1,3.44
S99,0,-0.0014,-0.0016,-0.0014,-0.1995,-0.2079,-0.2161,0.0012,0.0014,0.0019,-0.1993,-0.2076,-0.2156,0.0035,0.0049,0.0072,1,1,1,3,1.83
